{
  "config_version": 4,
  "loadbuiltin": true,
  "quark": false,
  "dark": false,
  "oldChooseWheel": false,
  "perspective": true,
  "default3rdPersonFront": false,
  "showicon": true,
  "enableNSFW": false,
  "debug": true,
  "validate": false,
  "validationThreshold": 8.0,
  "emotesFolderOnLogicalServer": false,
  "emotesDirectory": "emotes",
  "autoFixEmoteStop": true,
  "alwaysValidateEmote": false,
  "playersafety": true,
  "stopthreshold": 0.04,
  "yratio": 0.75,
  "showHiddenConfig": false,
  "neverRemoveBadIcon": false,
  "exportBuiltin": false,
  "hideWarning": false,
  "fastmenu": {
    "0": {
      "2": "95a442de-0000-0000-0000-000000000000",
      "3": "96506a5e-a69c-4a18-9add-d43dfd272fa6",
      "4": "ebfb1e69-330a-4970-8bca-f5625c90681a",
      "5": "a2969c42-520f-4c5c-a024-a7d0a2b7b4d1",
      "6": "a2969c42-520f-4c5c-a024-a7d0a2b7b4d1"
    }
  },
  "keys": {}
}